Montreal QC, Chicago IL
Calgary AB, New York NY
New York NY
Toronto ON, New York NY
New York NY
New York NY
Toronto ON, New York NY
Los Angeles CA, Long Beach CA
OTTAWA ON
Chicago IL, Milwaukee WI
Toronto ON
Vancouver BC, Victoria BC, Seattle WA
OTTAWA ON
Detroit MI
New York NY
Detroit MI
Houston TX
New York NY, Jersey City NJ
San Jose CA, Montreal QC
New York NY
New York NY, Jersey City NJ
Toronto ON, Chicago IL
Philadelphia PA
New York NY, Jersey City NJ
Dallas TX
Dallas TX, Vancouver BC
Detroit MI, Windsor ON
San Antonio TX, Los Angeles CA
New York NY, Toronto ON
Jacksonville FL
New York NY
Montreal QC
Los Angeles CA
Chicago IL
Chicago IL
Los Angeles CA
Indianapolis IN
New York NY
Houston TX
Montreal QC
Toronto ON, Los Angeles CA
New York NY
Chicago IL, Madison WI
San Jose CA
San Jose CA, Fresno CA
New York NY
Chicago IL
Vancouver BC
New York NY, Chicago IL
Houston TX, Austin TX
New York NY
Montreal QC, Boston MA
Philadelphia PA
New York NY
Houston TX, Chicago IL
New York NY
Philadelphia PA, Toronto ON
New York NY
Chicago IL
Detroit MI
New York NY
San Jose CA
New York NY, Los Angeles CA
New York NY
Toronto ON
Montreal QC
Jacksonville FL
OTTAWA ON
Montreal QC
Philadelphia PA
New York NY
Dallas TX
New York NY, Newark NJ, Baltimore MD
Chicago IL, Madison WI, Milwaukee WI
Columbus OH
Houston TX
New York NY, Jersey City NJ, Newark NJ
Indianapolis IN
Edmonton AB, Montreal QC
Detroit MI
Vancouver BC
OTTAWA ON
Detroit MI
Houston TX, Los Angeles CA
Montreal QC, New York NY
Chicago IL, New York NY
Chicago IL, Milwaukee WI
San Diego CA, Santa Ana CA, Riverside CA, Los Angeles CA, Anaheim CA, Long Beach CA
Los Angeles CA, Santa Ana CA
New York NY
Montreal QC
Indianapolis IN
Los Angeles CA, Long Beach CA
Houston TX
New York NY, Los Angeles CA, Montreal QC
San Jose CA
Jacksonville FL
Toronto ON
Houston TX
Columbus OH
Calgary AB
New York NY
New York NY
Jacksonville FL, Toronto ON, New York NY
Montreal QC, New York NY
Los Angeles CA
Jacksonville FL
Toronto ON
Toronto ON
Detroit MI, Houston TX
Montreal QC, New York NY
Philadelphia PA, Newark NJ, Jersey City NJ
Montreal QC, OTTAWA ON
Toronto ON
Vancouver BC
Indianapolis IN
Toronto ON
Los Angeles CA
Toronto ON, Oshawa ON
OTTAWA ON
San Antonio TX, Chicago IL
Houston TX
Toronto ON, Saint Catharines-Niagara ON, Buffalo NY, Oshawa ON
Chicago IL, Houston TX, New York NY
OTTAWA ON
Los Angeles CA
Houston TX
San Diego CA
Vancouver BC
Phoenix AZ, Glendale AZ
Chicago IL, Milwaukee WI, Indianapolis IN
Toronto ON
Vancouver BC, Seattle WA, Portland OR, Victoria BC
Los Angeles CA
Los Angeles CA, Houston TX
Toronto ON, Chicago IL, New York NY
Montreal QC, OTTAWA ON
Toronto ON
Montreal QC
Calgary AB, Victoria BC, Vancouver BC
Chicago IL, New York NY
San Diego CA
New York NY, Jersey City NJ
Montreal QC, Oshawa ON
Toronto ON, Oshawa ON
Los Angeles CA
Houston TX, Dallas TX, Plano TX, Fort Worth TX, Austin TX, San Antonio TX
Philadelphia PA, Vancouver BC
New York NY, Toronto ON
Houston TX
Indianapolis IN
Vancouver BC, New York NY, Montreal QC
Toronto ON
New York NY
Phoenix AZ
Indianapolis IN, Los Angeles CA
Phoenix AZ, Toronto ON
Edmonton AB
Los Angeles CA
Toronto ON, Oshawa ON, Kitchener ON, London ON
New York NY
New York NY, Jersey City NJ, Boston MA, Newark NJ
New York NY, Newark NJ
Houston TX, Corpus Christi TX
Houston TX
New York NY
Toronto ON
Chicago IL
Phoenix AZ
Detroit MI
Chicago IL, Milwaukee WI, Madison WI
Columbus OH, New York NY
Los Angeles CA
Chicago IL, Milwaukee WI
Los Angeles CA, New York NY
San Jose CA, Chicago IL
Los Angeles CA, Toronto ON, Montreal QC, Chicago IL
Calgary AB
Los Angeles CA, Anaheim CA, Santa Ana CA
New York NY, Newark NJ
Los Angeles CA, New York NY
Vancouver BC, Calgary AB, Edmonton AB
Montreal QC, OTTAWA ON, Oshawa ON, Toronto ON
Houston TX
Calgary AB
Columbus OH, Toledo OH
Phoenix AZ, Montreal QC
Philadelphia PA, Baltimore MD
Chicago IL
Los Angeles CA, Toronto ON
Toronto ON
New York NY, Boston MA
Houston TX
Edmonton AB, Vancouver BC
Montreal QC
San Diego CA, New York NY
New York NY
Vancouver BC
Toronto ON
Los Angeles CA, New York NY
Toronto ON, New York NY
New York NY
Toronto ON
New York NY, Los Angeles CA
Montreal QC
Los Angeles CA
San Diego CA
New York NY
San Antonio TX, Los Angeles CA
New York NY
Houston TX
Montreal QC
Houston TX, Montreal QC
Vancouver BC, Victoria BC
Toronto ON
San Antonio TX
Indianapolis IN
Los Angeles CA, Toronto ON
New York NY
Dallas TX
Houston TX, San Antonio TX, Fort Worth TX
Vancouver BC
Toronto ON, Kitchener ON
New York NY
Jacksonville FL, Tampa FL, Saint Petersburg FL
Chicago IL, Fort Wayne IN
Columbus OH
Toronto ON, New York NY
Columbus OH
New York NY, Newark NJ, Philadelphia PA
Chicago IL, Madison WI
San Antonio TX
Phoenix AZ, Mesa AZ
Jacksonville FL
Toronto ON
Los Angeles CA
Montreal QC
Los Angeles CA
New York NY
New York NY, Newark NJ
Toronto ON, Kitchener ON, London ON
New York NY
San Jose CA, Chicago IL, Montreal QC, Los Angeles CA
Houston TX
New York NY
New York NY
Toronto ON
New York NY
Vancouver BC
Houston TX, Chicago IL
Columbus OH, Toronto ON
Edmonton AB, Vancouver BC, Victoria BC, Portland OR, Seattle WA
Toronto ON, Hamilton ON
San Jose CA, New York NY
Vancouver BC
New York NY
Indianapolis IN
San Antonio TX
Edmonton AB, Victoria BC
Philadelphia PA
Vancouver BC, Victoria BC, Portland OR, Seattle WA
Indianapolis IN, Chicago IL
Los Angeles CA
Detroit MI, Chicago IL
Indianapolis IN, Montreal QC
Toronto ON
New York NY, Baltimore MD
New York NY
OTTAWA ON
Los Angeles CA
New York NY
Los Angeles CA, Riverside CA
Los Angeles CA
Los Angeles CA, New York NY
Philadelphia PA, New York NY
Jacksonville FL, Saint Petersburg FL
Jacksonville FL
New York NY, Toronto ON
Indianapolis IN, Cincinnati OH
San Diego CA, Santa Ana CA
Montreal QC, OTTAWA ON
Phoenix AZ, Glendale AZ
Calgary AB, Edmonton AB
Vancouver BC
Jacksonville FL, Toronto ON, Los Angeles CA
Indianapolis IN, New York NY
Montreal QC
New York NY
Chicago IL, Milwaukee WI, Madison WI
Los Angeles CA
Houston TX, Austin TX
Chicago IL
Jacksonville FL
Columbus OH, Lexington KY, Louisville KY, Indianapolis IN
Montreal QC
Montreal QC
Toronto ON
New York NY, Philadelphia PA, Newark NJ, Jersey City NJ
Vancouver BC, Portland OR
OTTAWA ON
Montreal QC
Los Angeles CA, Toronto ON
Toronto ON
Toronto ON
Columbus OH, Cincinnati OH, Louisville KY, Indianapolis IN, Lexington KY
Philadelphia PA, New York NY
San Diego CA
Dallas TX
New York NY
Chicago IL, Milwaukee WI
San Diego CA
New York NY, Los Angeles CA
Houston TX
Toronto ON, Montreal QC
Jacksonville FL
New York NY
San Antonio TX, Fort Worth TX, Arlington TX
New York NY, Jersey City NJ, Philadelphia PA
Edmonton AB
Montreal QC
Phoenix AZ, New York NY
Vancouver BC
Houston TX
Phoenix AZ, New York NY
New York NY
Indianapolis IN, Montreal QC
New York NY, Toronto ON
Vancouver BC, Victoria BC
New York NY, Vancouver BC
New York NY, Jersey City NJ
Columbus OH
Houston TX
Los Angeles CA, Toronto ON, New York NY
Philadelphia PA
Los Angeles CA, Long Beach CA
Chicago IL, New York NY
Montreal QC
Los Angeles CA, Riverside CA
Houston TX
Houston TX
Los Angeles CA, Montreal QC
New York NY, Jersey City NJ, Newark NJ
Montreal QC
Columbus OH
Los Angeles CA, Toronto ON
Jacksonville FL, Hialeah FL, Miami FL
Chicago IL
Chicago IL, Madison WI
Montreal QC, OTTAWA ON, Oshawa ON, Hamilton ON
OTTAWA ON
New York NY
New York NY, Philadelphia PA
Toronto ON
San Diego CA
Houston TX
New York NY
Vancouver BC, Portland OR, Seattle WA, Calgary AB
Chicago IL, Milwaukee WI
Chicago IL, New York NY, Houston TX
Vancouver BC, Portland OR
OTTAWA ON
Calgary AB, Seattle WA
New York NY
Toronto ON
Montreal QC
Toronto ON, Oshawa ON, Hamilton ON
New York NY, Montreal QC, Toronto ON
Detroit MI, Windsor ON
San Antonio TX, Arlington TX, Plano TX, Fort Worth TX
Toronto ON
Los Angeles CA
New York NY
Los Angeles CA, Montreal QC
Calgary AB
San Antonio TX, Austin TX, Houston TX
New York NY
Los Angeles CA, Anaheim CA
Detroit MI, Windsor ON, Toledo OH, Fort Wayne IN, Indianapolis IN
Los Angeles CA, Chicago IL, New York NY
Columbus OH
Los Angeles CA, Houston TX
Detroit MI, Cleveland OH
Toronto ON
New York NY
Philadelphia PA
OTTAWA ON
San Diego CA
San Jose CA, Chicago IL
New York NY
Dallas TX
New York NY
Vancouver BC
Calgary AB
Calgary AB, Victoria BC, Vancouver BC, Edmonton AB
Detroit MI
New York NY
Montreal QC
Montreal QC, OTTAWA ON, Buffalo NY, Saint Catharines-Niagara ON, Kitchener ON
Los Angeles CA, Long Beach CA
Montreal QC, Oshawa ON
Phoenix AZ, Montreal QC
Houston TX, San Antonio TX, Austin TX
Indianapolis IN, Toronto ON
Philadelphia PA, New York NY
Montreal QC
Columbus OH
New York NY
Los Angeles CA, New York NY
New York NY
Phoenix AZ, Houston TX
New York NY
Toronto ON, Los Angeles CA
Edmonton AB, Vancouver BC
Vancouver BC
Philadelphia PA
Vancouver BC
Montreal QC
Toronto ON
Montreal QC, Quebec QC
Toronto ON
Phoenix AZ
Los Angeles CA, Santa Ana CA, Anaheim CA
Toronto ON
New York NY
New York NY, Philadelphia PA
Los Angeles CA, Toronto ON
Toronto ON, Vancouver BC
New York NY
Philadelphia PA
Toronto ON
Toronto ON, New York NY
Toronto ON
Phoenix AZ
San Antonio TX, Montreal QC
Philadelphia PA
New York NY
San Diego CA
Toronto ON
Montreal QC
Los Angeles CA
Toronto ON, Chicago IL, Houston TX
Toronto ON, Saint Catharines-Niagara ON, Buffalo NY
New York NY
Phoenix AZ
Los Angeles CA
Los Angeles CA, Long Beach CA, San Diego CA, Anaheim CA, Santa Ana CA
Calgary AB, Vancouver BC
Montreal QC
San Diego CA
Vancouver BC, Victoria BC
Montreal QC
New York NY
New York NY, Montreal QC
New York NY
New York NY, Montreal QC
Houston TX
Chicago IL, Montreal QC
New York NY, Los Angeles CA
New York NY, Philadelphia PA
New York NY
New York NY
Edmonton AB, Toronto ON
Philadelphia PA, WASHINGTON DC
Montreal QC
OTTAWA ON, Montreal QC
Los Angeles CA
Calgary AB
San Jose CA
Dallas TX, Fort Worth TX
New York NY, Vancouver BC
Los Angeles CA, Long Beach CA, Santa Ana CA
Calgary AB, Seattle WA
Detroit MI, Windsor ON
Dallas TX, Fort Worth TX, Oklahoma City OK, Wichita KS
Montreal QC
New York NY, Philadelphia PA
Phoenix AZ
San Antonio TX
Calgary AB, Toronto ON
Phoenix AZ
San Diego CA
Chicago IL
Houston TX, Toronto ON
New York NY
Los Angeles CA
Chicago IL, Montreal QC
Toronto ON
Vancouver BC, Portland OR, Stockton CA
Chicago IL
Chicago IL
Vancouver BC, Seattle WA, Victoria BC
Toronto ON, Chicago IL
Chicago IL, Madison WI, Milwaukee WI
Philadelphia PA
Toronto ON
New York NY
Chicago IL
San Antonio TX
Montreal QC
Calgary AB, Seattle WA
Jacksonville FL, New York NY
Chicago IL
Vancouver BC, Montreal QC
Calgary AB
San Antonio TX
Columbus OH, Chicago IL
Toronto ON
Los Angeles CA, Long Beach CA
Montreal QC
Montreal QC
Toronto ON
OTTAWA ON, Montreal QC
Chicago IL
Toronto ON
Toronto ON, Los Angeles CA
New York NY, Jersey City NJ, Newark NJ
OTTAWA ON
Toronto ON, New York NY
Toronto ON, New York NY
New York NY, Newark NJ
Montreal QC, Los Angeles CA
Vancouver BC, Chicago IL
Los Angeles CA, Vancouver BC, Toronto ON
Philadelphia PA
San Jose CA
Montreal QC
New York NY, Newark NJ
Chicago IL
Columbus OH, Cincinnati OH
Edmonton AB, Toronto ON
Edmonton AB
Chicago IL, Madison WI
Houston TX, Chicago IL
Jacksonville FL, New York NY
San Diego CA
Jacksonville FL, Miami FL
New York NY
New York NY
New York NY, Jersey City NJ, Newark NJ
Philadelphia PA, Newark NJ
New York NY, Jersey City NJ, Newark NJ
Philadelphia PA
Detroit MI, Cleveland OH
Phoenix AZ, Scottsdale AZ
Montreal QC
Houston TX, New York NY
Montreal QC
Chicago IL, Indianapolis IN, Louisville KY
Vancouver BC
Philadelphia PA
Toronto ON, Hamilton ON
Toronto ON
Los Angeles CA
Columbus OH
New York NY
Los Angeles CA
New York NY, Los Angeles CA
Dallas TX, Plano TX, Oklahoma City OK
Houston TX
Montreal QC, OTTAWA ON, Saint Catharines-Niagara ON
Chicago IL, Madison WI
Montreal QC, New York NY
Houston TX, Los Angeles CA
San Diego CA
Phoenix AZ, New York NY
Toronto ON
Los Angeles CA, Long Beach CA, Santa Ana CA
San Antonio TX, Toronto ON
New York NY, Newark NJ
Toronto ON, Saint Catharines-Niagara ON, Oshawa ON
Montreal QC, Oshawa ON
Jacksonville FL
Indianapolis IN, Cincinnati OH, Fort Wayne IN, Windsor ON
New York NY
San Antonio TX, Vancouver BC
Chicago IL, Milwaukee WI
New York NY
Philadelphia PA
Phoenix AZ, New York NY
Los Angeles CA
Columbus OH
Montreal QC
Toronto ON, Montreal QC
New York NY
Los Angeles CA
Los Angeles CA
Los Angeles CA, New York NY
San Antonio TX
Montreal QC
Houston TX
San Jose CA
Houston TX
Detroit MI, Chicago IL
Los Angeles CA
Montreal QC, OTTAWA ON
Houston TX, San Antonio TX
Jacksonville FL
Dallas TX, Arlington TX, Fort Worth TX
Toronto ON, Kitchener ON
Toronto ON
New York NY, Toronto ON
Montreal QC
Los Angeles CA, Santa Ana CA
Toronto ON, Chicago IL
Vancouver BC, Portland OR
New York NY
Montreal QC
Houston TX, Austin TX, San Antonio TX, Fort Worth TX
Montreal QC
Indianapolis IN
Chicago IL, Fort Wayne IN, Indianapolis IN
Toronto ON
Columbus OH
Montreal QC, OTTAWA ON, Saint Catharines-Niagara ON, Oshawa ON, Toronto ON
Los Angeles CA, Santa Ana CA
Indianapolis IN
Calgary AB
Toronto ON, Oshawa ON, Buffalo NY, Saint Catharines-Niagara ON, Hamilton ON
Los Angeles CA
San Diego CA
Los Angeles CA, Long Beach CA, Anaheim CA
New York NY, Toronto ON
New York NY
Los Angeles CA
New York NY
Chicago IL
Toronto ON
Los Angeles CA
Phoenix AZ
San Diego CA, Montreal QC
Toronto ON
Columbus OH
New York NY
Edmonton AB, Seattle WA, Victoria BC
Houston TX
Houston TX
New York NY, Montreal QC
Toronto ON, New York NY
San Antonio TX, New York NY
New York NY
San Diego CA
Los Angeles CA, Toronto ON
San Diego CA, Los Angeles CA
Chicago IL
Philadelphia PA, New York NY
Phoenix AZ, Glendale AZ, Mesa AZ
Chicago IL
Houston TX, New York NY
Toronto ON, Oshawa ON, Saint Catharines-Niagara ON, Kitchener ON, London ON
Columbus OH
San Diego CA
San Jose CA, Houston TX
Houston TX
Montreal QC
Phoenix AZ
Montreal QC
Chicago IL, Madison WI, Saint Paul MN
New York NY
Phoenix AZ
New York NY
San Antonio TX
Los Angeles CA, Riverside CA
New York NY, Vancouver BC
San Jose CA
Houston TX, Dallas TX
Chicago IL
Houston TX
Los Angeles CA
Calgary AB, Vancouver BC
Calgary AB, Portland OR, Seattle WA
Montreal QC, Quebec QC
Chicago IL, Indianapolis IN, Cincinnati OH
Columbus OH
Edmonton AB, Toronto ON, New York NY
Dallas TX, Plano TX
Toronto ON
Houston TX, Vancouver BC
Montreal QC, Toronto ON
New York NY, Boston MA, Newark NJ
New York NY
Calgary AB, Vancouver BC
New York NY, Toronto ON
San Diego CA, Montreal QC, Houston TX
Chicago IL
Edmonton AB
Calgary AB, Seattle WA
Los Angeles CA
Dallas TX
Chicago IL
Toronto ON, Oshawa ON
New York NY
Houston TX
Chicago IL
New York NY, Toronto ON
Montreal QC
Philadelphia PA, Chicago IL
New York NY, Jersey City NJ
New York NY
Toronto ON, Oshawa ON
San Diego CA, Santa Ana CA, Anaheim CA
Toronto ON
OTTAWA ON
San Diego CA, Chicago IL
Detroit MI, Cleveland OH
Dallas TX, Plano TX, Oklahoma City OK, Tulsa OK
New York NY
Toronto ON
Vancouver BC
Calgary AB, Vancouver BC
Los Angeles CA, Santa Ana CA
Montreal QC
New York NY
Vancouver BC
Los Angeles CA, New York NY
Chicago IL
Houston TX
Montreal QC
Toronto ON
New York NY, Jersey City NJ, Newark NJ
Indianapolis IN
Philadelphia PA, Newark NJ
Philadelphia PA, Newark NJ
San Jose CA, Oakland CA
Detroit MI, Chicago IL
Montreal QC, OTTAWA ON, Oshawa ON
Indianapolis IN
Detroit MI
New York NY
Phoenix AZ
Toronto ON
New York NY, Los Angeles CA
Los Angeles CA, Riverside CA, San Diego CA, Anaheim CA
Toronto ON
Los Angeles CA, Bakersfield CA
New York NY, Chicago IL
Montreal QC
Chicago IL, Toronto ON
New York NY
Los Angeles CA
Toronto ON
Indianapolis IN, Chicago IL, Milwaukee WI, Toledo OH
Toronto ON
New York NY
San Diego CA
Los Angeles CA
Detroit MI, Windsor ON, Cleveland OH, Toledo OH
Los Angeles CA
Montreal QC, Quebec QC
Toronto ON, New York NY
Phoenix AZ
New York NY, Houston TX
Los Angeles CA
Toronto ON
Chicago IL, New York NY
Phoenix AZ
New York NY
Montreal QC
Columbus OH
Houston TX
Columbus OH
Vancouver BC, Seattle WA
OTTAWA ON
San Antonio TX
Montreal QC
New York NY, Jersey City NJ
Philadelphia PA, Los Angeles CA
Montreal QC
Vancouver BC
Chicago IL, Vancouver BC
Houston TX
Chicago IL
New York NY
Toronto ON, Los Angeles CA
Chicago IL
Columbus OH, Toronto ON
Los Angeles CA
Chicago IL, Milwaukee WI
Calgary AB
New York NY
New York NY
Columbus OH
Vancouver BC, Toronto ON
New York NY, Newark NJ
Houston TX
San Jose CA, Toronto ON
New York NY, Chicago IL
San Jose CA, Vancouver BC
Indianapolis IN
Toronto ON
New York NY, Baltimore MD, WASHINGTON DC, Chesapeake VA, Virginia Beach VA
New York NY
Toronto ON, Hamilton ON
Toronto ON
Montreal QC, OTTAWA ON, Saint Catharines-Niagara ON
Toronto ON, Chicago IL
Chicago IL
Toronto ON
Houston TX
New York NY, Toronto ON
Montreal QC, Boston MA, Jersey City NJ
Vancouver BC
Toronto ON
Jacksonville FL, Atlanta GA
New York NY, Montreal QC
Phoenix AZ
Chicago IL
Chicago IL, Houston TX
Houston TX, New York NY
Montreal QC
New York NY, Montreal QC
Toronto ON
Houston TX
Montreal QC
Jacksonville FL, Houston TX
Toronto ON
Los Angeles CA
Philadelphia PA, Newark NJ, Jersey City NJ
Indianapolis IN, New York NY
Philadelphia PA
New York NY
Jacksonville FL, Atlanta GA
San Antonio TX
San Jose CA, New York NY
Toronto ON
San Jose CA
Chicago IL
New York NY
Los Angeles CA, Anaheim CA, Santa Ana CA, Long Beach CA
New York NY
Houston TX, Los Angeles CA, New York NY
Los Angeles CA, Montreal QC, Chicago IL
Houston TX, Austin TX
New York NY, Los Angeles CA
Los Angeles CA, Bakersfield CA, Long Beach CA, Riverside CA
San Jose CA, Montreal QC
New York NY
Phoenix AZ
Los Angeles CA, New York NY
Houston TX, New York NY
Calgary AB
Toronto ON
San Jose CA
San Antonio TX
New York NY
OTTAWA ON, Los Angeles CA
Edmonton AB
Columbus OH
Vancouver BC
Calgary AB
Toronto ON, Oshawa ON, Saint Catharines-Niagara ON
New York NY
Phoenix AZ
New York NY
New York NY, Newark NJ
Montreal QC, OTTAWA ON
Los Angeles CA, Houston TX
Edmonton AB, Chicago IL
Chicago IL
Philadelphia PA
Montreal QC
Philadelphia PA, Los Angeles CA, Montreal QC
New York NY, Jersey City NJ
Toronto ON
Toronto ON, Hamilton ON, Kitchener ON
New York NY
New York NY
Los Angeles CA
Montreal QC
Toronto ON
Houston TX
Calgary AB
Montreal QC
New York NY, Jersey City NJ, Newark NJ
Chicago IL
New York NY
Jacksonville FL, Saint Petersburg FL, Tampa FL, Miami FL
Toronto ON, New York NY
New York NY, Newark NJ, Baltimore MD
Vancouver BC, Toronto ON
Chicago IL, Madison WI
Dallas TX, Plano TX
Montreal QC, OTTAWA ON
New York NY, Montreal QC
Houston TX, Los Angeles CA
New York NY, Jersey City NJ, Newark NJ, WASHINGTON DC
Detroit MI
New York NY
New York NY, Newark NJ
Indianapolis IN
Phoenix AZ
Chicago IL, Madison WI
New York NY, Vancouver BC
New York NY
New York NY
Chicago IL
New York NY, Baltimore MD
Vancouver BC
Dallas TX
Philadelphia PA
New York NY
Toronto ON
OTTAWA ON, Montreal QC
Houston TX, Toronto ON
Edmonton AB, Toronto ON
Phoenix AZ, Glendale AZ
Chicago IL, Indianapolis IN, Fort Wayne IN
Los Angeles CA
Calgary AB, New York NY
Chicago IL
New York NY
Vancouver BC, Victoria BC, Calgary AB
Toronto ON
Los Angeles CA
Vancouver BC
San Diego CA, Chicago IL
Toronto ON
Philadelphia PA
Detroit MI
New York NY
New York NY, Baltimore MD, Norfolk VA
San Diego CA
Columbus OH
Dallas TX
Toronto ON
San Jose CA, Oakland CA, Stockton CA
New York NY
Chicago IL
Montreal QC, Los Angeles CA
Los Angeles CA, Anaheim CA
New York NY
Vancouver BC, New York NY
Los Angeles CA, New York NY
New York NY
Toronto ON
Dallas TX
New York NY, Los Angeles CA
Los Angeles CA
Toronto ON
Houston TX
Jacksonville FL
Toronto ON
Toronto ON
Calgary AB
Detroit MI
Indianapolis IN
Chicago IL, Fort Wayne IN, Indianapolis IN
Dallas TX, Plano TX
Dallas TX, Montreal QC
Montreal QC, Boston MA
Toronto ON
New York NY
New York NY, Jersey City NJ
Montreal QC
Toronto ON
Chicago IL
Toronto ON, Montreal QC
Los Angeles CA
Houston TX, Austin TX, San Antonio TX
Toronto ON, New York NY
Houston TX
Toronto ON, Oshawa ON
Dallas TX, New York NY
New York NY
New York NY
Chicago IL, Los Angeles CA
Toronto ON, New York NY
Los Angeles CA
Toronto ON
Philadelphia PA, WASHINGTON DC, Norfolk VA
Chicago IL, Toronto ON
Calgary AB, Vancouver BC
Toronto ON
New York NY, Newark NJ, Philadelphia PA
New York NY
New York NY, Houston TX
New York NY
Los Angeles CA
New York NY
Phoenix AZ, Glendale AZ, Mesa AZ
San Antonio TX, Fort Worth TX
San Diego CA, Riverside CA, Long Beach CA
Jacksonville FL, Tampa FL, Saint Petersburg FL
New York NY
Los Angeles CA, Anaheim CA, Santa Ana CA, Riverside CA
New York NY
Chicago IL, Milwaukee WI, Madison WI
Dallas TX, New York NY
San Jose CA
New York NY
Houston TX
New York NY
Los Angeles CA, Santa Ana CA
Chicago IL, Toledo OH
Houston TX
New York NY, Philadelphia PA, WASHINGTON DC
Montreal QC, Boston MA, Newark NJ, New York NY
New York NY
New York NY
San Antonio TX
Montreal QC, Boston MA
New York NY, Los Angeles CA, Houston TX
Los Angeles CA, Toronto ON
Philadelphia PA, Los Angeles CA
Los Angeles CA
Toronto ON
Philadelphia PA, Los Angeles CA
Houston TX, Austin TX, Arlington TX
Chicago IL, Milwaukee WI
Columbus OH
Los Angeles CA
New York NY, Newark NJ
OTTAWA ON, Montreal QC
San Diego CA
Columbus OH
Phoenix AZ
OTTAWA ON, Oshawa ON
Detroit MI
New York NY
Houston TX
San Diego CA
Montreal QC
San Diego CA, Toronto ON
Detroit MI, Windsor ON
Toronto ON
Chicago IL
Los Angeles CA
Toronto ON
Los Angeles CA
Indianapolis IN
New York NY, Newark NJ
Chicago IL, Milwaukee WI, Toledo OH, Windsor ON, Detroit MI
New York NY, Philadelphia PA, Jersey City NJ, Newark NJ, WASHINGTON DC
Calgary AB, New York NY
Montreal QC
Los Angeles CA, Long Beach CA
OTTAWA ON
Vancouver BC, Houston TX
New York NY
Phoenix AZ
Toronto ON, Houston TX
Philadelphia PA
OTTAWA ON, New York NY
New York NY, Newark NJ, Jersey City NJ
Phoenix AZ
Toronto ON, Saint Catharines-Niagara ON
Vancouver BC
San Diego CA, Toronto ON
New York NY
New York NY
Toronto ON
Toronto ON
Vancouver BC
Toronto ON
New York NY, Montreal QC
Houston TX
Houston TX, New York NY
Jacksonville FL, New York NY
Los Angeles CA
Vancouver BC
Montreal QC
Houston TX
Phoenix AZ
New York NY, Chicago IL
New York NY
Chicago IL
San Antonio TX
Chicago IL
Philadelphia PA, New York NY, Jersey City NJ
Edmonton AB
Phoenix AZ
Montreal QC
New York NY, Philadelphia PA, Jersey City NJ, Baltimore MD
San Antonio TX, Toronto ON
Toronto ON
Phoenix AZ, Los Angeles CA
Philadelphia PA, Toronto ON
Toronto ON, Saint Catharines-Niagara ON
San Diego CA, Riverside CA
Toronto ON, Houston TX
Chicago IL
Vancouver BC, Victoria BC
Vancouver BC
Philadelphia PA
San Jose CA
Vancouver BC, Seattle WA, Portland OR
Montreal QC
New York NY
Toronto ON, Oshawa ON, Buffalo NY, Kitchener ON, Hamilton ON
Toronto ON, New York NY
Edmonton AB
Vancouver BC, Portland OR, Seattle WA
Los Angeles CA, New York NY
Chicago IL, Milwaukee WI
New York NY
Vancouver BC, Victoria BC, Portland OR
New York NY
Detroit MI, New York NY
Houston TX, Chicago IL, New York NY
Houston TX, Corpus Christi TX
Montreal QC
Toronto ON
Calgary AB, Seattle WA
New York NY
Vancouver BC, Montreal QC
Toronto ON, Oshawa ON
New York NY
New York NY
New York NY
Montreal QC
Los Angeles CA, Santa Ana CA, Long Beach CA, Anaheim CA, Riverside CA
Toronto ON
New York NY
Vancouver BC
Edmonton AB, Chicago IL
New York NY
Los Angeles CA
Montreal QC
New York NY
Vancouver BC
Toronto ON
Vancouver BC, Los Angeles CA
Toronto ON, New York NY
Jacksonville FL
Los Angeles CA, New York NY
Chicago IL, New York NY
Houston TX, Austin TX, San Antonio TX
Chicago IL, Montreal QC
Chicago IL
Edmonton AB, Portland OR, Victoria BC, Vancouver BC
Toronto ON
Montreal QC, OTTAWA ON
San Diego CA, Santa Ana CA
Phoenix AZ
New York NY, Houston TX, Chicago IL
Houston TX, New York NY
New York NY, Chicago IL
Montreal QC
Houston TX, Toronto ON
Vancouver BC, Seattle WA
Vancouver BC
New York NY
New York NY, Los Angeles CA
New York NY, Jersey City NJ, Newark NJ
Phoenix AZ
Chicago IL, New York NY
Chicago IL, Milwaukee WI
Chicago IL, New York NY
Vancouver BC, Calgary AB
Toronto ON
Detroit MI, Cleveland OH, Windsor ON
Philadelphia PA
Los Angeles CA, Long Beach CA, Anaheim CA, Riverside CA
Houston TX
San Antonio TX
Edmonton AB
Los Angeles CA
Detroit MI, Toronto ON
San Jose CA
Los Angeles CA
Montreal QC, Boston MA
Chicago IL, Toronto ON
New York NY
New York NY
Philadelphia PA, New York NY
Montreal QC
New York NY
Los Angeles CA
Los Angeles CA, New York NY
Montreal QC, Chicago IL
Jacksonville FL
San Antonio TX
New York NY, Toronto ON
San Antonio TX, New York NY
Toronto ON, New York NY
Calgary AB, New York NY
Chicago IL
Dallas TX, Los Angeles CA
Phoenix AZ
San Diego CA, Riverside CA, Anaheim CA, Long Beach CA, Santa Ana CA
Houston TX, Austin TX, San Antonio TX
Philadelphia PA
Toronto ON, Oshawa ON, Buffalo NY
OTTAWA ON
Toronto ON
Toronto ON
OTTAWA ON, Oshawa ON
Toronto ON
Chicago IL, Madison WI, Minneapolis MN, Saint Paul MN
Montreal QC
Montreal QC, Boston MA, Newark NJ
Philadelphia PA
Toronto ON, Buffalo NY, Saint Catharines-Niagara ON
San Antonio TX
Toronto ON
New York NY
Edmonton AB, New York NY
Toronto ON
Toronto ON, New York NY
Chicago IL
Houston TX
OTTAWA ON
Vancouver BC
New York NY, Toronto ON
Montreal QC
Chicago IL, Montreal QC
San Diego CA, New York NY
Toronto ON
Houston TX, Corpus Christi TX, San Antonio TX
San Diego CA, Vancouver BC
San Jose CA
Toronto ON
Toronto ON, Kitchener ON
Los Angeles CA, New York NY
New York NY
Calgary AB
New York NY, Jersey City NJ
New York NY
New York NY, Jersey City NJ, Newark NJ
Vancouver BC
New York NY, Jersey City NJ
Columbus OH
Toronto ON
Houston TX
New York NY
Chicago IL
Toronto ON
New York NY
Montreal QC, Quebec QC, Halifax NS
Toronto ON
San Diego CA
San Diego CA
Phoenix AZ, New York NY
Los Angeles CA
Philadelphia PA
Montreal QC, Boston MA
Chicago IL, New York NY
Columbus OH, Cleveland OH, Windsor ON, London ON
Jacksonville FL, Vancouver BC
Philadelphia PA, Jersey City NJ
Montreal QC
Detroit MI, Los Angeles CA
Toronto ON, Montreal QC
Los Angeles CA
Vancouver BC
Chicago IL, Fort Wayne IN, Cincinnati OH, Louisville KY
Montreal QC, OTTAWA ON
Toronto ON
Calgary AB, New York NY
Vancouver BC, Portland OR
Los Angeles CA
Dallas TX
Los Angeles CA
Toronto ON
Toronto ON, New York NY
Chicago IL
New York NY, Jersey City NJ, Newark NJ
New York NY
New York NY
New York NY, Jersey City NJ, Newark NJ, Baltimore MD, Philadelphia PA
San Antonio TX
Montreal QC
Vancouver BC
Edmonton AB
Chicago IL, Madison WI
Calgary AB
New York NY
Los Angeles CA
New York NY, Philadelphia PA, Jersey City NJ
New York NY, Philadelphia PA
San Diego CA
Toronto ON, Kitchener ON
Montreal QC
New York NY
San Jose CA
San Diego CA
Jacksonville FL
New York NY, Newark NJ
Los Angeles CA
Toronto ON, New York NY
San Diego CA, Santa Ana CA
San Diego CA
New York NY
OTTAWA ON
OTTAWA ON
Los Angeles CA
Toronto ON
New York NY, Jersey City NJ, Boston MA
Los Angeles CA
Vancouver BC
New York NY
New York NY
San Jose CA
Montreal QC, New York NY
Chicago IL
Phoenix AZ
Detroit MI
New York NY, Jersey City NJ, Boston MA, Montreal QC, Quebec QC
San Jose CA, Oakland CA
San Jose CA, Oakland CA
Dallas TX, Montreal QC
Toronto ON
Indianapolis IN, Fort Wayne IN, Toledo OH, Windsor ON
New York NY
Dallas TX
Calgary AB, Los Angeles CA
Dallas TX, Chicago IL
Los Angeles CA
Detroit MI, Toledo OH
New York NY, Chicago IL, Houston TX
Montreal QC
New York NY, Los Angeles CA
Chicago IL
New York NY, Philadelphia PA, Jersey City NJ
Toronto ON, Vancouver BC
Jacksonville FL
Los Angeles CA, Vancouver BC
San Jose CA
Toronto ON
Vancouver BC
Houston TX, Austin TX, Fort Worth TX, Arlington TX, Oklahoma City OK, Tulsa OK
Montreal QC, Toronto ON, Kitchener ON, London ON
New York NY, Jersey City NJ
New York NY, Los Angeles CA
Phoenix AZ
New York NY, Jersey City NJ, Newark NJ, Baltimore MD
Los Angeles CA
Chicago IL, Houston TX
Vancouver BC
San Diego CA
Montreal QC, Quebec QC
Montreal QC, Quebec QC
Montreal QC, Toronto ON
San Jose CA
Vancouver BC, Montreal QC
Montreal QC, New York NY
Los Angeles CA
Toronto ON
Philadelphia PA
Edmonton AB
New York NY, Jersey City NJ, Boston MA
Edmonton AB
Jacksonville FL
OTTAWA ON
Jacksonville FL, Vancouver BC
Chicago IL
Calgary AB
Los Angeles CA
Houston TX
Chicago IL
Edmonton AB, Los Angeles CA
Chicago IL, Milwaukee WI
Houston TX, New York NY
Montreal QC
Montreal QC, New York NY
Detroit MI
Indianapolis IN, Cincinnati OH
Calgary AB
Montreal QC, Quebec QC
Los Angeles CA, Santa Ana CA, Anaheim CA, Long Beach CA, San Diego CA
Toronto ON, Kitchener ON
Jacksonville FL
New York NY
New York NY
Phoenix AZ, Toronto ON
Columbus OH
Los Angeles CA, Toronto ON
Columbus OH
San Antonio TX
New York NY, Jersey City NJ
Toronto ON
New York NY, Newark NJ, Philadelphia PA
Jacksonville FL
Indianapolis IN, Fort Wayne IN
New York NY
San Diego CA
Chicago IL
OTTAWA ON
New York NY
New York NY
Calgary AB
Los Angeles CA, Toronto ON
New York NY
New York NY
OTTAWA ON
New York NY, Philadelphia PA
San Antonio TX, Houston TX
Toronto ON
New York NY, Jersey City NJ
Los Angeles CA
San Diego CA
New York NY, Philadelphia PA, Newark NJ
New York NY
New York NY, Montreal QC
Philadelphia PA, Jersey City NJ, New York NY
Montreal QC, Quebec QC
New York NY, Newark NJ
Toronto ON
New York NY
Toronto ON, New York NY
Detroit MI, London ON
Houston TX
Los Angeles CA
Montreal QC
San Diego CA
Calgary AB
Phoenix AZ
Montreal QC
Montreal QC, Toronto ON
Indianapolis IN
OTTAWA ON
New York NY
New York NY
Vancouver BC
Chicago IL
Los Angeles CA
Toronto ON, Chicago IL, New York NY
Los Angeles CA, Anaheim CA
OTTAWA ON, Chicago IL
Philadelphia PA, New York NY
Toronto ON, Oshawa ON
Houston TX
New York NY
Chicago IL
Calgary AB, New York NY
Phoenix AZ, Mesa AZ, Scottsdale AZ, Glendale AZ, Tucson AZ
Chicago IL, New York NY, Houston TX
Houston TX
Toronto ON, New York NY
New York NY
Philadelphia PA, Los Angeles CA
New York NY
New York NY
Indianapolis IN
Chicago IL, Vancouver BC
Vancouver BC, Los Angeles CA
OTTAWA ON
New York NY, Baltimore MD, Newark NJ, Jersey City NJ
Chicago IL, Milwaukee WI, Madison WI
Montreal QC
Jacksonville FL, Toronto ON
New York NY, Toronto ON
Philadelphia PA
Dallas TX, Montreal QC
Jacksonville FL, Hialeah FL
San Antonio TX, Corpus Christi TX, Austin TX, Arlington TX, Fort Worth TX
New York NY, Montreal QC
Toronto ON, Saint Catharines-Niagara ON, Buffalo NY
Houston TX, Toronto ON
Chicago IL
Edmonton AB, Toronto ON
Los Angeles CA, Santa Ana CA, Long Beach CA
Jacksonville FL
Los Angeles CA
OTTAWA ON, Toronto ON
OTTAWA ON, Toronto ON, Saint Catharines-Niagara ON
Montreal QC
New York NY, Boston MA
Vancouver BC, Toronto ON
New York NY
Phoenix AZ, New York NY
Chicago IL, Milwaukee WI
Los Angeles CA, Long Beach CA, Santa Ana CA
Houston TX
OTTAWA ON
New York NY
New York NY, Baltimore MD
Los Angeles CA
Indianapolis IN, Toronto ON
San Antonio TX, Vancouver BC
Toronto ON, Oshawa ON
Vancouver BC, Victoria BC, Calgary AB
Los Angeles CA
Edmonton AB, Vancouver BC
Chicago IL
Houston TX
New York NY, Baltimore MD
Houston TX
New York NY
San Antonio TX
New York NY, Newark NJ, Jersey City NJ
New York NY
Indianapolis IN, New York NY
Vancouver BC, Victoria BC
New York NY
Los Angeles CA
Toronto ON, Saint Catharines-Niagara ON
Montreal QC, OTTAWA ON, Toronto ON
New York NY
Houston TX, Corpus Christi TX, San Antonio TX
Calgary AB
San Antonio TX
Phoenix AZ
San Antonio TX, Vancouver BC
Los Angeles CA
Chicago IL, Indianapolis IN, Louisville KY
Calgary AB, Edmonton AB, Seattle WA, Victoria BC
New York NY, Chicago IL
Los Angeles CA
New York NY, Los Angeles CA
Toronto ON, New York NY
New York NY
San Jose CA, Oakland CA, San Francisco CA
Philadelphia PA, Toronto ON
Philadelphia PA
Phoenix AZ
Jacksonville FL
Columbus OH, New York NY
Los Angeles CA, Anaheim CA, Long Beach CA, Santa Ana CA, San Diego CA
Montreal QC
Houston TX, Dallas TX, Plano TX
New York NY, Vancouver BC
Toronto ON
San Antonio TX, Chicago IL
Indianapolis IN
Montreal QC
Montreal QC
Philadelphia PA, Newark NJ
Toronto ON
Montreal QC, New York NY
New York NY
San Antonio TX
Los Angeles CA, Long Beach CA, Santa Ana CA
Phoenix AZ
Houston TX
Montreal QC, Boston MA, Newark NJ
Los Angeles CA
New York NY, Houston TX
Phoenix AZ
Calgary AB
Chicago IL, New York NY, Toronto ON, Montreal QC
Los Angeles CA
Toronto ON
Los Angeles CA
Philadelphia PA
Los Angeles CA, Montreal QC
Chicago IL
New York NY, Jersey City NJ, Newark NJ, Philadelphia PA
Philadelphia PA
Phoenix AZ
Toronto ON
New York NY
Toronto ON, Hamilton ON
Calgary AB, Toronto ON
New York NY, Jersey City NJ
Chicago IL
Los Angeles CA, Montreal QC
Montreal QC
Chicago IL, Indianapolis IN
Philadelphia PA
Edmonton AB, Montreal QC
Montreal QC, Toronto ON, Hamilton ON, Saint Catharines-Niagara ON
New York NY, Vancouver BC
New York NY, Boston MA, Newark NJ
San Diego CA
Columbus OH
Chicago IL
Phoenix AZ, Glendale AZ, Scottsdale AZ, Tucson AZ
Vancouver BC
Dallas TX
Vancouver BC
Chicago IL, Fort Wayne IN, Toledo OH, Cleveland OH, Detroit MI
Chicago IL
Calgary AB, Vancouver BC, Victoria BC
Montreal QC, Toronto ON
Detroit MI, Toledo OH, Windsor ON
Toronto ON
New York NY
Calgary AB, Montreal QC
Montreal QC, Boston MA, Jersey City NJ
Vancouver BC
Dallas TX
Montreal QC, Toronto ON
San Antonio TX, New York NY
New York NY, Chicago IL
New York NY
Montreal QC
New York NY, Newark NJ
New York NY, Houston TX
Los Angeles CA, Anaheim CA, Long Beach CA
New York NY, Houston TX
San Diego CA, Long Beach CA
New York NY
New York NY
Toronto ON, Montreal QC
Houston TX, Los Angeles CA, New York NY
New York NY, Newark NJ, Jersey City NJ
San Diego CA
Toronto ON, Montreal QC
Montreal QC
Los Angeles CA
Toronto ON, New York NY
Montreal QC
Philadelphia PA
Dallas TX, Arlington TX, Fort Worth TX, Plano TX
Chicago IL, Vancouver BC
Toronto ON, Oshawa ON, Kitchener ON, Saint Catharines-Niagara ON
New York NY
New York NY
Toronto ON
Chicago IL
Los Angeles CA, Riverside CA
Chicago IL
Los Angeles CA
New York NY, Montreal QC
New York NY
OTTAWA ON, Montreal QC, Oshawa ON
Chicago IL, Milwaukee WI, Fort Wayne IN
Edmonton AB
Chicago IL, Fort Wayne IN, Toledo OH, Windsor ON, Detroit MI
Phoenix AZ, Montreal QC
Philadelphia PA, New York NY
Los Angeles CA
Jacksonville FL
New York NY, Los Angeles CA
OTTAWA ON, Los Angeles CA
Toronto ON
Toronto ON
Phoenix AZ
OTTAWA ON, Montreal QC
Dallas TX, Toronto ON, Montreal QC
Philadelphia PA
New York NY, Chicago IL
Toronto ON, Saint Catharines-Niagara ON
New York NY
San Antonio TX, Los Angeles CA
Jacksonville FL
OTTAWA ON
New York NY, Newark NJ
San Diego CA
New York NY
Chicago IL
Edmonton AB
Toronto ON
New York NY, Newark NJ
Toronto ON, Oshawa ON
Detroit MI
New York NY, Los Angeles CA
Toronto ON, Buffalo NY
Houston TX, Los Angeles CA
San Antonio TX, Toronto ON
Toronto ON
Montreal QC, OTTAWA ON
Calgary AB
Houston TX
Los Angeles CA
Montreal QC
Montreal QC
New York NY
Houston TX
Toronto ON
San Antonio TX
Los Angeles CA
New York NY
Philadelphia PA, Montreal QC
Calgary AB, Edmonton AB, Victoria BC
New York NY, Jersey City NJ, Boston MA
Los Angeles CA
Toronto ON
New York NY
Los Angeles CA
Dallas TX
Montreal QC
New York NY, Toronto ON
Phoenix AZ
Philadelphia PA, Montreal QC
Columbus OH
Chicago IL, Milwaukee WI
New York NY
Los Angeles CA, Long Beach CA, San Diego CA
Houston TX
Toronto ON, New York NY
Vancouver BC
Vancouver BC
New York NY, Boston MA, Jersey City NJ, Philadelphia PA
Vancouver BC
Los Angeles CA, Riverside CA, Santa Ana CA
Vancouver BC, New York NY
Vancouver BC, Seattle WA
Montreal QC
Chicago IL
Philadelphia PA
Vancouver BC
Phoenix AZ
New York NY
New York NY
Toronto ON
New York NY
Toronto ON, Montreal QC
OTTAWA ON
Vancouver BC, Houston TX
Chicago IL
Chicago IL
New York NY
New York NY
San Diego CA, Chicago IL
Montreal QC
Columbus OH, New York NY
Los Angeles CA, Toronto ON
Montreal QC, OTTAWA ON
New York NY
Dallas TX, New York NY
Toronto ON
New York NY, Baltimore MD, WASHINGTON DC, Philadelphia PA, Newark NJ, Jersey City NJ
Montreal QC, Houston TX
Toronto ON
San Diego CA, Toronto ON
New York NY, Philadelphia PA
Dallas TX, Plano TX, Fort Worth TX, Oklahoma City OK
Los Angeles CA
Chicago IL, New York NY
New York NY
Toronto ON
Indianapolis IN
Detroit MI
New York NY
Jacksonville FL, Saint Petersburg FL, Miami FL, Hialeah FL
Vancouver BC, New York NY
Dallas TX, New York NY
Toronto ON, Hamilton ON, Saint Catharines-Niagara ON
New York NY
San Diego CA
Los Angeles CA, Long Beach CA
Chicago IL, Los Angeles CA
Toronto ON, Oshawa ON, Kitchener ON
New York NY, Jersey City NJ
Chicago IL
New York NY, Montreal QC, Houston TX
Dallas TX, Fort Worth TX
San Diego CA, Toronto ON
Phoenix AZ, Scottsdale AZ
Phoenix AZ
New York NY
Los Angeles CA, Anaheim CA
Los Angeles CA
Phoenix AZ, Tucson AZ, Mesa AZ, Scottsdale AZ
Los Angeles CA
Phoenix AZ
Phoenix AZ
Phoenix AZ, Vancouver BC
Los Angeles CA
New York NY
New York NY
San Diego CA
New York NY
Toronto ON
Calgary AB
Los Angeles CA
Toronto ON
Vancouver BC, Seattle WA
New York NY
Indianapolis IN, Toronto ON
Vancouver BC, New York NY, Montreal QC
Los Angeles CA
Houston TX, New York NY
Jacksonville FL
Edmonton AB
New York NY
New York NY
Phoenix AZ, New York NY
Houston TX
Calgary AB, Edmonton AB, Seattle WA
Houston TX, New York NY
San Diego CA
New York NY
Toronto ON, Oshawa ON
San Diego CA
Toronto ON, Oshawa ON, Hamilton ON
Montreal QC, OTTAWA ON
Montreal QC
Detroit MI
Philadelphia PA, Newark NJ
Montreal QC
Calgary AB, Victoria BC
Toronto ON, Los Angeles CA
New York NY
New York NY
Toronto ON, Montreal QC
New York NY
New York NY, Jersey City NJ, Philadelphia PA
Vancouver BC, Victoria BC
New York NY, Montreal QC
Edmonton AB
San Diego CA
Los Angeles CA
San Diego CA
New York NY
New York NY, Vancouver BC
Toronto ON
Jacksonville FL, Tampa FL, Saint Petersburg FL
Toronto ON, Montreal QC
Toronto ON
OTTAWA ON
OTTAWA ON
Houston TX
Vancouver BC
Indianapolis IN
New York NY
Houston TX
Toronto ON
Phoenix AZ
New York NY, Philadelphia PA
San Diego CA
New York NY
Toronto ON, New York NY
Toronto ON
Phoenix AZ
Columbus OH
Edmonton AB
Detroit MI, Cleveland OH
New York NY
Philadelphia PA
Philadelphia PA, Toronto ON
Toronto ON, Buffalo NY
Los Angeles CA, Long Beach CA, Santa Ana CA, Anaheim CA
San Diego CA, Montreal QC
Phoenix AZ, Glendale AZ, Tucson AZ
Toronto ON
OTTAWA ON, Toronto ON
Montreal QC, Toronto ON
Montreal QC
Phoenix AZ
San Jose CA
Toronto ON
San Diego CA
San Diego CA, Vancouver BC
Toronto ON
New York NY, Jersey City NJ
Vancouver BC
Toronto ON, Saint Catharines-Niagara ON, Hamilton ON
Phoenix AZ, Montreal QC
Toronto ON, Chicago IL
New York NY, Philadelphia PA, Jersey City NJ
San Diego CA
Vancouver BC
Vancouver BC
Dallas TX, Montreal QC
Chicago IL
Montreal QC
Toronto ON
Edmonton AB, Vancouver BC
Calgary AB, Seattle WA
New York NY, Houston TX
New York NY, Houston TX
Dallas TX
New York NY
San Diego CA, New York NY, Los Angeles CA
Philadelphia PA
Vancouver BC, Seattle WA
Los Angeles CA
San Antonio TX
Chicago IL
New York NY, Newark NJ
Toronto ON
Chicago IL, Toronto ON
Montreal QC, OTTAWA ON, Toronto ON, Saint Catharines-Niagara ON, Hamilton ON
Montreal QC, Toronto ON
Jacksonville FL, Saint Petersburg FL
San Antonio TX
Los Angeles CA, Toronto ON
New York NY
Montreal QC
Montreal QC
Chicago IL, Toronto ON
New York NY
New York NY, Chicago IL
New York NY, Philadelphia PA
Detroit MI, Cleveland OH, Toledo OH, Fort Wayne IN
Los Angeles CA, Riverside CA
Philadelphia PA
New York NY, Baltimore MD
Columbus OH
Vancouver BC
Montreal QC, Quebec QC
Houston TX
New York NY
Jacksonville FL, Tampa FL
Toronto ON
Toronto ON, Saint Catharines-Niagara ON, Oshawa ON, Buffalo NY
Los Angeles CA, Bakersfield CA
New York NY
Toronto ON, Los Angeles CA
Calgary AB, Vancouver BC
Dallas TX, Montreal QC, Houston TX
Montreal QC
Toronto ON, Montreal QC
New York NY
New York NY, Jersey City NJ
Philadelphia PA, Newark NJ
Toronto ON, Hamilton ON
San Diego CA, Chicago IL
New York NY, Jersey City NJ
Los Angeles CA, Montreal QC
Philadelphia PA
Dallas TX, Chicago IL
New York NY
Los Angeles CA
Chicago IL
Los Angeles CA
Calgary AB
Los Angeles CA
Los Angeles CA
New York NY
San Jose CA, Oakland CA, Stockton CA
Chicago IL, Milwaukee WI
OTTAWA ON, New York NY
New York NY
Detroit MI
New York NY
San Diego CA, Riverside CA
New York NY, Jersey City NJ, Philadelphia PA
Detroit MI
New York NY
Toronto ON, New York NY
Vancouver BC, Victoria BC
Phoenix AZ
Toronto ON, Oshawa ON
New York NY
Vancouver BC, New York NY
Dallas TX, Chicago IL
Montreal QC
San Diego CA, Santa Ana CA
Jacksonville FL, Vancouver BC
Dallas TX, Plano TX, Arlington TX
San Jose CA, Toronto ON
Los Angeles CA, Vancouver BC
San Diego CA
Detroit MI, London ON, Hamilton ON, Kitchener ON
Detroit MI, Windsor ON
Houston TX, Austin TX, San Antonio TX
Los Angeles CA, Santa Ana CA
Toronto ON
New York NY, Montreal QC
Philadelphia PA, WASHINGTON DC, Baltimore MD
Toronto ON, Saint Catharines-Niagara ON
Indianapolis IN, Cincinnati OH
Montreal QC, OTTAWA ON, Saint Catharines-Niagara ON
San Jose CA
Dallas TX, Houston TX
Los Angeles CA
San Diego CA, Los Angeles CA
San Diego CA
Houston TX
Vancouver BC
Los Angeles CA, New York NY
New York NY, Toronto ON
Vancouver BC
New York NY, Boston MA
San Diego CA, New York NY
San Antonio TX
Detroit MI
Chicago IL
Vancouver BC, Portland OR
New York NY
New York NY
New York NY, Baltimore MD
San Diego CA, Vancouver BC
Phoenix AZ
San Diego CA, Toronto ON
Phoenix AZ, Houston TX
Calgary AB
Toronto ON
New York NY
New York NY
New York NY
Toronto ON, Montreal QC
Edmonton AB, Calgary AB, Vancouver BC, Victoria BC, Seattle WA
New York NY
New York NY
New York NY, Vancouver BC
Toronto ON
New York NY, Houston TX
Toronto ON
New York NY
Indianapolis IN, Fort Wayne IN, Toledo OH
New York NY
Jacksonville FL
Columbus OH, Los Angeles CA
New York NY
Phoenix AZ, Scottsdale AZ
Toronto ON
San Jose CA, Toronto ON
Los Angeles CA, Long Beach CA
Toronto ON, Montreal QC
San Jose CA, New York NY
Dallas TX
Montreal QC, OTTAWA ON
Toronto ON
Phoenix AZ
Toronto ON, Chicago IL, Montreal QC
New York NY
Chicago IL, Toronto ON
Toronto ON, Oshawa ON
New York NY, Chicago IL
Toronto ON
New York NY, Jersey City NJ
Edmonton AB
Montreal QC
New York NY
Philadelphia PA, Newark NJ, New York NY, Jersey City NJ
Houston TX
Chicago IL, Vancouver BC
Dallas TX, Montreal QC
Philadelphia PA, New York NY
Toronto ON, Buffalo NY
New York NY
Los Angeles CA
San Diego CA
Montreal QC
Detroit MI
Houston TX
Los Angeles CA
Edmonton AB
Chicago IL
New York NY
Calgary AB, Edmonton AB
Philadelphia PA
Toronto ON
Los Angeles CA
Houston TX
Los Angeles CA
Toronto ON
Chicago IL, Los Angeles CA
New York NY, Boston MA, Newark NJ
Toronto ON, Hamilton ON, Saint Catharines-Niagara ON, Kitchener ON
New York NY, Newark NJ
Phoenix AZ
San Jose CA
Vancouver BC
San Diego CA
Chicago IL
Montreal QC
Phoenix AZ, Mesa AZ
New York NY
Vancouver BC, Seattle WA
Philadelphia PA, Toronto ON
New York NY
Chicago IL, Madison WI
Indianapolis IN
San Antonio TX
Los Angeles CA
New York NY
New York NY
San Antonio TX
OTTAWA ON, New York NY
Detroit MI, Windsor ON, Fort Wayne IN
San Diego CA, Anaheim CA
San Antonio TX, Corpus Christi TX, Arlington TX
Calgary AB, Edmonton AB, Victoria BC
New York NY
New York NY
Toronto ON
New York NY
Toronto ON
Chicago IL
San Antonio TX
Los Angeles CA, New York NY
New York NY, Los Angeles CA
New York NY
New York NY
San Jose CA
Los Angeles CA
Montreal QC
Philadelphia PA
Vancouver BC, Toronto ON
Calgary AB
Montreal QC, OTTAWA ON
Los Angeles CA
Chicago IL
Indianapolis IN, Cincinnati OH
Toronto ON
Houston TX, Austin TX, Fort Worth TX, Oklahoma City OK, Plano TX, Dallas TX, Arlington TX
Indianapolis IN
New York NY
Philadelphia PA, Newark NJ, Jersey City NJ
Los Angeles CA, Long Beach CA
Detroit MI
New York NY, Montreal QC
Montreal QC, Toronto ON, Saint Catharines-Niagara ON, Buffalo NY
Houston TX, San Antonio TX
San Diego CA
New York NY
Chicago IL, Los Angeles CA
Montreal QC, Chicago IL
New York NY, Jersey City NJ
Toronto ON, New York NY
San Diego CA
OTTAWA ON, Toronto ON
San Antonio TX, Austin TX, Arlington TX
New York NY
Houston TX
Philadelphia PA, Toronto ON
Calgary AB
New York NY, Toronto ON
New York NY, Newark NJ
San Antonio TX
Los Angeles CA, New York NY
Toronto ON
Calgary AB
OTTAWA ON
Montreal QC, Oshawa ON
Toronto ON
Philadelphia PA
New York NY
New York NY
Montreal QC
New York NY
Los Angeles CA, Long Beach CA
Montreal QC
Calgary AB
New York NY
Los Angeles CA, Toronto ON
Vancouver BC, Toronto ON
Philadelphia PA
Montreal QC
Vancouver BC, Seattle WA
Dallas TX, Austin TX
Vancouver BC, Victoria BC, Portland OR, Seattle WA
Los Angeles CA, Bakersfield CA, Fresno CA, Sacramento CA, San Francisco CA
Dallas TX, Plano TX
Montreal QC, Chicago IL, New York NY
Detroit MI, Windsor ON, London ON
Toronto ON
San Diego CA
Montreal QC
San Diego CA, Santa Ana CA
New York NY, Baltimore MD
Houston TX, Austin TX
Dallas TX
San Antonio TX, Austin TX
New York NY
Houston TX
Los Angeles CA, Bakersfield CA
Edmonton AB
San Diego CA, Riverside CA, Anaheim CA
Montreal QC, Toronto ON, Oshawa ON
Houston TX, Toronto ON
Vancouver BC
Chicago IL
Toronto ON, Hamilton ON, Kitchener ON, London ON
Indianapolis IN
Chicago IL
Philadelphia PA
San Jose CA, Houston TX
Houston TX, Chicago IL
Dallas TX, Austin TX
Toronto ON
Houston TX
Los Angeles CA, Anaheim CA
Philadelphia PA
Edmonton AB
Los Angeles CA, Bakersfield CA
Montreal QC, Oshawa ON
New York NY
Los Angeles CA, Long Beach CA
Los Angeles CA
San Diego CA
New York NY
San Antonio TX
Calgary AB
New York NY
New York NY, Jersey City NJ, Newark NJ
Toronto ON
New York NY, Jersey City NJ, Newark NJ, Philadelphia PA, WASHINGTON DC, Chesapeake VA, Virginia Beach VA, Raleigh NC, Charlotte NC
Philadelphia PA, New York NY
Vancouver BC, Portland OR, Victoria BC
San Jose CA, Oakland CA
New York NY
San Jose CA
Columbus OH, Toronto ON
Houston TX, Chicago IL
Dallas TX
New York NY
Jacksonville FL
Edmonton AB, Calgary AB
Calgary AB
Vancouver BC
Philadelphia PA
New York NY
Chicago IL, Milwaukee WI, Toledo OH
Indianapolis IN, Cincinnati OH
Toronto ON, Kitchener ON
Los Angeles CA, Riverside CA, Anaheim CA, Santa Ana CA
Montreal QC
Houston TX
San Jose CA, San Francisco CA, Fresno CA, Stockton CA
Edmonton AB, Vancouver BC, Calgary AB
New York NY
New York NY, Los Angeles CA
New York NY, Jersey City NJ
Jacksonville FL, Tampa FL
Vancouver BC
New York NY, Montreal QC
Los Angeles CA, New York NY
Phoenix AZ
Calgary AB
Edmonton AB, Calgary AB
OTTAWA ON, New York NY
New York NY
Houston TX, Chicago IL
Vancouver BC
New York NY
Chicago IL, Milwaukee WI
Chicago IL, New York NY
San Antonio TX
New York NY
Toronto ON
Montreal QC, Oshawa ON
Calgary AB, Montreal QC
New York NY, Jersey City NJ, Philadelphia PA, Newark NJ
Toronto ON, Buffalo NY, Kitchener ON, Saint Catharines-Niagara ON
Vancouver BC, Montreal QC
Chicago IL, Milwaukee WI, Toledo OH, Windsor ON
Edmonton AB
New York NY, Newark NJ, Jersey City NJ
San Diego CA
San Antonio TX
New York NY, Los Angeles CA
Toronto ON
Edmonton AB
Dallas TX
Toronto ON
New York NY, Los Angeles CA
Philadelphia PA
Chicago IL
New York NY, Jersey City NJ, Newark NJ
Houston TX
San Jose CA
Los Angeles CA
New York NY
New York NY, Houston TX
Toronto ON
Los Angeles CA, Long Beach CA
New York NY, Boston MA, Jersey City NJ
New York NY, Jersey City NJ, Newark NJ
Chicago IL, Madison WI, Minneapolis MN, Milwaukee WI
New York NY
Los Angeles CA, Anaheim CA, Santa Ana CA
San Antonio TX, Austin TX, Fort Worth TX, Arlington TX
New York NY
Calgary AB, New York NY
Toronto ON
New York NY, Philadelphia PA, Baltimore MD, WASHINGTON DC
Edmonton AB
New York NY, Newark NJ
Philadelphia PA
Toronto ON
Chicago IL, Indianapolis IN, Fort Wayne IN
San Jose CA
New York NY, Baltimore MD
Houston TX
Toronto ON
Montreal QC
New York NY, Montreal QC
Los Angeles CA, Montreal QC
New York NY
Montreal QC
New York NY
New York NY
Montreal QC, Toronto ON, New York NY
San Diego CA, Riverside CA, Anaheim CA, Santa Ana CA
Montreal QC, Los Angeles CA
Chicago IL, Milwaukee WI
Vancouver BC
Los Angeles CA
Los Angeles CA, Houston TX
Montreal QC, Quebec QC, Oshawa ON
Los Angeles CA
Edmonton AB, Vancouver BC, Victoria BC, Calgary AB
Toronto ON
New York NY, Toronto ON
New York NY, Baltimore MD, Norfolk VA, Virginia Beach VA
Indianapolis IN, Montreal QC, Houston TX
New York NY
New York NY
Philadelphia PA, New York NY
Los Angeles CA
Montreal QC, New York NY
Montreal QC
New York NY
New York NY
Toronto ON, Los Angeles CA
New York NY, Jersey City NJ, Newark NJ
New York NY
Chicago IL
New York NY, Jersey City NJ, Newark NJ
New York NY
Edmonton AB
Montreal QC, Quebec QC
Los Angeles CA
Calgary AB, Edmonton AB, Vancouver BC
Chicago IL, Madison WI, Milwaukee WI
Toronto ON, Oshawa ON
San Diego CA
New York NY
San Jose CA, Chicago IL
Chicago IL, New York NY
San Antonio TX
New York NY
Philadelphia PA
San Diego CA
Los Angeles CA, Long Beach CA
Toronto ON
Philadelphia PA, Newark NJ
Vancouver BC
Dallas TX
Los Angeles CA, Santa Ana CA
San Antonio TX
San Antonio TX
Los Angeles CA
Calgary AB
New York NY, Toronto ON
Montreal QC, Chicago IL
Chicago IL, Los Angeles CA
Phoenix AZ, Glendale AZ, Scottsdale AZ
Phoenix AZ
Montreal QC, Chicago IL, Toronto ON
Houston TX
New York NY, Jersey City NJ
Toronto ON, Chicago IL
Chicago IL
Montreal QC
Houston TX
Philadelphia PA, Newark NJ
San Jose CA, New York NY
Vancouver BC
New York NY
Houston TX, Los Angeles CA
New York NY, Baltimore MD, WASHINGTON DC
New York NY, Houston TX
New York NY, Montreal QC
Montreal QC, New York NY
Chicago IL
New York NY, Los Angeles CA
Toronto ON, Chicago IL
New York NY, Philadelphia PA
New York NY
Vancouver BC
Los Angeles CA
Chicago IL
Los Angeles CA, Houston TX, Toronto ON
New York NY, Newark NJ
Houston TX, Austin TX
Los Angeles CA
Vancouver BC, Victoria BC, Portland OR
Phoenix AZ, Glendale AZ
Montreal QC
Toronto ON, New York NY
Los Angeles CA
Vancouver BC
New York NY
New York NY
Los Angeles CA
New York NY
Detroit MI
Vancouver BC
OTTAWA ON
New York NY
New York NY, Los Angeles CA
San Diego CA, Riverside CA
San Diego CA
Los Angeles CA
Phoenix AZ, Vancouver BC
New York NY, Newark NJ
New York NY, Jersey City NJ, Newark NJ
San Antonio TX
Calgary AB
Houston TX, New York NY
Philadelphia PA, Newark NJ, Jersey City NJ
New York NY
New York NY
Montreal QC
Montreal QC
Vancouver BC, Victoria BC
Phoenix AZ, Glendale AZ
Toronto ON, Oshawa ON
Toronto ON, New York NY
Vancouver BC, Victoria BC
Calgary AB, Montreal QC
Los Angeles CA, Santa Ana CA, Anaheim CA
Los Angeles CA, Anaheim CA
Montreal QC
Montreal QC
New York NY, Philadelphia PA
New York NY
New York NY, Jersey City NJ
Jacksonville FL
Montreal QC
Toronto ON
Chicago IL, Los Angeles CA
Houston TX
Los Angeles CA, Toronto ON
New York NY
Columbus OH, Montreal QC
Montreal QC, New York NY
Toronto ON, Chicago IL
New York NY, Philadelphia PA
San Diego CA, New York NY
Los Angeles CA
Calgary AB, New York NY
Calgary AB, Toronto ON
San Jose CA
Chicago IL, Milwaukee WI
New York NY
Edmonton AB, Calgary AB
Chicago IL, New York NY
Phoenix AZ, Scottsdale AZ, Mesa AZ
Dallas TX
Jacksonville FL, Houston TX
Dallas TX, Chicago IL
Chicago IL
Los Angeles CA
Vancouver BC
Toronto ON
Toronto ON
Philadelphia PA, Newark NJ
Montreal QC
Los Angeles CA
Calgary AB, Edmonton AB
Edmonton AB
San Antonio TX, Houston TX
New York NY, Jersey City NJ, Newark NJ
San Antonio TX, New York NY
San Diego CA
New York NY, Jersey City NJ
New York NY, Jersey City NJ
Jacksonville FL, Montreal QC
Toronto ON, New York NY
Vancouver BC
New York NY
Los Angeles CA
San Diego CA
New York NY, Toronto ON
Chicago IL
Los Angeles CA
Montreal QC, Boston MA, New York NY
Toronto ON
Montreal QC
New York NY
Los Angeles CA
Montreal QC
Los Angeles CA
New York NY
OTTAWA ON, Montreal QC
New York NY
Phoenix AZ, Scottsdale AZ
Jacksonville FL, Vancouver BC
Calgary AB
New York NY, Toronto ON
Chicago IL
San Antonio TX, New York NY, Toronto ON
Vancouver BC, Seattle WA, Calgary AB, Edmonton AB, Victoria BC, Portland OR
Montreal QC, New York NY
New York NY
Chicago IL, Madison WI, Saint Paul MN
New York NY, Philadelphia PA, Baltimore MD
San Antonio TX
New York NY
Chicago IL, Toronto ON
Toronto ON
Phoenix AZ, Scottsdale AZ, Mesa AZ
San Jose CA
San Antonio TX
Montreal QC, Chicago IL
Toronto ON, Hamilton ON, Kitchener ON
Montreal QC
Los Angeles CA, Santa Ana CA, Anaheim CA
Toronto ON
New York NY, Toronto ON, Houston TX, Chicago IL
Toronto ON, Vancouver BC
New York NY
Montreal QC
Vancouver BC, Seattle WA
New York NY
New York NY, Baltimore MD, WASHINGTON DC, Philadelphia PA
Columbus OH, Cleveland OH
Dallas TX
Houston TX, Austin TX
Montreal QC, Toronto ON, Houston TX, New York NY
Chicago IL
Vancouver BC
Los Angeles CA
Houston TX, Dallas TX
Montreal QC
Houston TX
Indianapolis IN, Montreal QC
Phoenix AZ
New York NY
Phoenix AZ
San Antonio TX, Austin TX
OTTAWA ON
Houston TX
Jacksonville FL, Tampa FL, Miami FL, Hialeah FL
Columbus OH
Vancouver BC
Edmonton AB, Calgary AB, Seattle WA
Detroit MI, Windsor ON, Toledo OH
Toronto ON
Toronto ON, Oshawa ON, Buffalo NY
Philadelphia PA, Jersey City NJ, Baltimore MD
Los Angeles CA
Detroit MI
Los Angeles CA, Long Beach CA, Riverside CA
Phoenix AZ, New York NY, Montreal QC
Toronto ON
San Jose CA
Vancouver BC, Seattle WA
San Diego CA
Montreal QC, OTTAWA ON
Houston TX
San Antonio TX
Houston TX
Houston TX, New York NY
Toronto ON, Oshawa ON
Columbus OH, New York NY
Phoenix AZ
Jacksonville FL, Saint Petersburg FL
Chicago IL
New York NY
Chicago IL
Toronto ON, Chicago IL
Chicago IL
New York NY, Los Angeles CA
Calgary AB, Toronto ON
Calgary AB
Dallas TX
New York NY, Vancouver BC
San Jose CA, Toronto ON
New York NY
Toronto ON
Vancouver BC
Phoenix AZ, Montreal QC
San Diego CA, Riverside CA
Phoenix AZ, New York NY
New York NY, Jersey City NJ, Newark NJ
New York NY
Chicago IL, Indianapolis IN, Fort Wayne IN
San Antonio TX
Toronto ON, Vancouver BC
San Jose CA
Jacksonville FL, Toronto ON
New York NY
Philadelphia PA
OTTAWA ON, Chicago IL
Jacksonville FL, Tampa FL, Saint Petersburg FL
Vancouver BC, Calgary AB
Houston TX
Dallas TX, Arlington TX
New York NY
Chicago IL
Dallas TX, Arlington TX
Los Angeles CA
Detroit MI, Houston TX
Toronto ON
Los Angeles CA, Bakersfield CA
New York NY, Houston TX
Philadelphia PA, New York NY
Houston TX
Chicago IL, Houston TX
Chicago IL
Phoenix AZ
Houston TX, Toronto ON
Toronto ON
New York NY
Toronto ON, New York NY
Phoenix AZ
Detroit MI
Toronto ON
Phoenix AZ
OTTAWA ON, Montreal QC
Los Angeles CA, New York NY, Houston TX
New York NY
New York NY
OTTAWA ON
Houston TX
Montreal QC
Toronto ON
Chicago IL
Dallas TX, Fort Worth TX
Los Angeles CA
Chicago IL
Dallas TX, Vancouver BC
Los Angeles CA, New York NY
Toronto ON
New York NY
New York NY, Houston TX
New York NY, Los Angeles CA
Houston TX
Detroit MI
Vancouver BC, Seattle WA, Victoria BC
Toronto ON, New York NY
Montreal QC, Toronto ON, Chicago IL
Toronto ON, Montreal QC
Chicago IL
Montreal QC
Chicago IL, Toronto ON
Chicago IL, New York NY
Philadelphia PA, Los Angeles CA
Toronto ON
Indianapolis IN
Chicago IL, Toronto ON
Dallas TX
New York NY
Chicago IL
Houston TX
Los Angeles CA
San Antonio TX
Los Angeles CA, Long Beach CA, Santa Ana CA
Chicago IL
OTTAWA ON, Los Angeles CA
New York NY, Jersey City NJ, Newark NJ
Phoenix AZ
Houston TX, Austin TX, San Antonio TX
Calgary AB
Los Angeles CA
Columbus OH
Vancouver BC
Phoenix AZ, Toronto ON
Los Angeles CA
Montreal QC
New York NY
New York NY
Toronto ON, Chicago IL
Houston TX, Austin TX, San Antonio TX
Los Angeles CA, Long Beach CA, Anaheim CA, Santa Ana CA
New York NY, Toronto ON, Houston TX
Los Angeles CA, Toronto ON, New York NY
Toronto ON, Saint Catharines-Niagara ON
San Jose CA
Vancouver BC, Victoria BC
San Antonio TX
New York NY
San Antonio TX
Calgary AB
Indianapolis IN, New York NY
Philadelphia PA, Jersey City NJ
Phoenix AZ, Scottsdale AZ, Tucson AZ
Montreal QC, Toronto ON
Philadelphia PA, Montreal QC
Toronto ON, New York NY
Chicago IL
New York NY
New York NY
Columbus OH, Chicago IL
Chicago IL, Indianapolis IN, Cincinnati OH, Louisville KY, Lexington KY, Nashville TN
Montreal QC
Los Angeles CA, Chicago IL
Dallas TX, Toronto ON
Houston TX
Toronto ON
Houston TX, Austin TX
New York NY
Indianapolis IN
Phoenix AZ
Toronto ON
Chicago IL
Montreal QC
Vancouver BC, Portland OR
Philadelphia PA, Jersey City NJ
Vancouver BC, Seattle WA, Victoria BC, Edmonton AB, Calgary AB
Philadelphia PA
Chicago IL, Los Angeles CA, New York NY
Philadelphia PA
New York NY
New York NY
Phoenix AZ
Los Angeles CA, Santa Ana CA
Vancouver BC
Philadelphia PA
Edmonton AB, Chicago IL
OTTAWA ON, Oshawa ON, Saint Catharines-Niagara ON
Los Angeles CA, Long Beach CA
Dallas TX, Vancouver BC
Philadelphia PA, New York NY
Toronto ON
Phoenix AZ
Montreal QC
Montreal QC, OTTAWA ON, Oshawa ON
Los Angeles CA, Santa Ana CA
Chicago IL
OTTAWA ON, Montreal QC, Boston MA
Edmonton AB
Los Angeles CA, Montreal QC
Montreal QC
Edmonton AB
Toronto ON
San Diego CA, Santa Ana CA, Anaheim CA, Riverside CA
Montreal QC, Quebec QC, OTTAWA ON
Chicago IL, New York NY
San Antonio TX
Los Angeles CA
Montreal QC, Boston MA
New York NY
Montreal QC, Houston TX
Chicago IL
Edmonton AB, Chicago IL
Dallas TX, Plano TX
New York NY
Vancouver BC
Edmonton AB, Houston TX
Vancouver BC, Montreal QC
Vancouver BC
Toronto ON
Montreal QC
Houston TX
Los Angeles CA
New York NY, Vancouver BC
Houston TX
Los Angeles CA
San Diego CA, Anaheim CA
Houston TX
Los Angeles CA, Chicago IL
San Antonio TX
Columbus OH
New York NY
Toronto ON
Vancouver BC, Victoria BC, Portland OR
Montreal QC
New York NY
Montreal QC
Dallas TX
Houston TX, New York NY
Chicago IL
Montreal QC
New York NY, Los Angeles CA
Calgary AB
Toronto ON
New York NY, Philadelphia PA
Edmonton AB, Vancouver BC
Montreal QC, Boston MA
Los Angeles CA, Vancouver BC, New York NY
New York NY, Houston TX
Los Angeles CA, Anaheim CA, Santa Ana CA
Toronto ON
Los Angeles CA
Toronto ON
Toronto ON
Houston TX
Houston TX
Chicago IL
Toronto ON
San Antonio TX, New York NY
Vancouver BC
Detroit MI
Houston TX, Toronto ON
Vancouver BC, Portland OR, Seattle WA
Los Angeles CA
Houston TX
San Jose CA, Oakland CA, Stockton CA
Indianapolis IN, Cincinnati OH
Chicago IL
Toronto ON, Saint Catharines-Niagara ON
Toronto ON, Saint Catharines-Niagara ON, Hamilton ON
Los Angeles CA
Philadelphia PA, Jersey City NJ
Detroit MI
Vancouver BC
New York NY, Newark NJ
Montreal QC, Houston TX
San Antonio TX, Corpus Christi TX
Toronto ON
New York NY, Jersey City NJ
Toronto ON, Oshawa ON
Edmonton AB
Jacksonville FL
New York NY
Los Angeles CA, Montreal QC
Edmonton AB, Vancouver BC
Phoenix AZ
Edmonton AB, New York NY
Philadelphia PA
New York NY
Chicago IL, Houston TX
Chicago IL, Fort Wayne IN, Columbus OH
New York NY
Calgary AB, Seattle WA, Portland OR, Vancouver BC, Victoria BC
Philadelphia PA
New York NY
Chicago IL
New York NY, Newark NJ
Toronto ON
New York NY
Vancouver BC, Calgary AB, Edmonton AB
New York NY
Chicago IL, Milwaukee WI
San Antonio TX
Montreal QC, Toronto ON
Toronto ON, Vancouver BC
Toronto ON, Los Angeles CA
OTTAWA ON
OTTAWA ON, Los Angeles CA
Los Angeles CA
San Jose CA, Oakland CA
Detroit MI, Windsor ON, Toledo OH
Montreal QC
Montreal QC
Chicago IL
Dallas TX, Montreal QC
Toronto ON
Montreal QC
Vancouver BC, Victoria BC
Jacksonville FL, New York NY
New York NY, Newark NJ, Baltimore MD
Philadelphia PA, Newark NJ
New York NY, Philadelphia PA
Vancouver BC, Victoria BC, Calgary AB, Edmonton AB
Calgary AB
Indianapolis IN
Detroit MI, Fort Wayne IN
Indianapolis IN, Fort Wayne IN
Jacksonville FL, Saint Petersburg FL
Montreal QC, Toronto ON
Indianapolis IN, Montreal QC
Vancouver BC
New York NY, Chicago IL
Los Angeles CA
Los Angeles CA
Toronto ON, Oshawa ON
Chicago IL, Milwaukee WI, Madison WI
Los Angeles CA
Chicago IL, Montreal QC
